branch,head_sha,commit_date,main_ahead,branch_ahead,main_reachability,local_status,pr_367,status,action,reason
docs/preparation-round-close-20260910,880a5bf6efb4e047772dfeec606a3f55acdaf0cf,2026-09-10,392,0,contained,none,no,B,human_confirm_then_delete,fully merged; no unique commits; preserve name only if external record or link intentionally uses it
evidence/r3-holm-checkpoint-ci-20260911,271cb80eb3ac3658a4eccdb604a09666d0e63fde,2026-09-12,164,0,contained,none,no,B,human_confirm_then_delete,fully merged; no unique commits; preserve name only if external record or link intentionally uses it
evidence/r3-holm-public-candidate-ci-20260911,f6c66dcefb29e4fd9fee848676e39b79864b1df3,2026-09-11,170,0,contained,none,no,B,human_confirm_then_delete,fully merged; no unique commits; preserve name only if external record or link intentionally uses it
evidence/r3-review-repair-ci-20260911,16f92f3d45d59f85e2b9116ea542b260ff259606,2026-09-12,159,0,contained,none,no,B,human_confirm_then_delete,fully merged; no unique commits; preserve name only if external record or link intentionally uses it
governance/open-public-review-2026-08-27,e40e7ee342b38d89533fc0aa4af147e77c9b9f82,2026-08-27,726,0,contained,none,no,B,human_confirm_then_delete,fully merged; no unique commits; preserve name only if external record or link intentionally uses it
governance/public-artifact-attribution-policy-2026-08-30,f6e9d1d43686bedfd14b44baeeb46e4fc6e5c945,2026-08-30,670,0,contained,none,no,B,human_confirm_then_delete,fully merged; no unique commits; preserve name only if external record or link intentionally uses it
governance/public-branch-naming-policy-2026-08-30,b58c825c46458406b74593f526d2644c6db844a1,2026-08-30,681,0,contained,none,no,B,human_confirm_then_delete,fully merged; no unique commits; preserve name only if external record or link intentionally uses it
governance/r4-rfc-261-delta-readiness-20260918,4b3487a216c74c11e858d4261185a84330b06bf4,2026-09-18,38,0,contained,none,no,B,human_confirm_then_delete,fully merged; no unique commits; preserve name only if external record or link intentionally uses it
governance/release-5-opening-record,c0064ecb8922af786e4a599a7d0d1fd3788dff26,2026-09-17,93,0,contained,none,no,B,human_confirm_then_delete,fully merged; no unique commits; preserve name only if external record or link intentionally uses it
governance/release-horizon-r3-r20,31f4d173e96a39caf96828e78d35c4cfffebd29d,2026-09-03,417,0,contained,none,no,B,human_confirm_then_delete,fully merged; no unique commits; preserve name only if external record or link intentionally uses it
governance/research-asset-integration-audit-20260911,0674f0c135f6b5f949e197a0d72e92c7251185b1,2026-09-11,198,0,contained,none,no,B,human_confirm_then_delete,fully merged; no unique commits; preserve name only if external record or link intentionally uses it
implementation/r3-holm-checkpoints-20260911,7ccc27a95c6786246d812d6ebd1edcedabc0a715,2026-09-12,166,0,contained,none,no,B,human_confirm_then_delete,fully merged; no unique commits; preserve name only if external record or link intentionally uses it
integration/historical-research-records-20260911,fa56a7d9652091a119d324c8feaae5c4fbcd6349,2026-09-11,200,0,contained,none,no,B,human_confirm_then_delete,fully merged; no unique commits; preserve name only if external record or link intentionally uses it
integration/r4-t03-main-20260916,0767157d05d4d9490822fada5160a3b4dce8ac5e,2026-09-16,127,0,contained,none,no,B,human_confirm_then_delete,fully merged; no unique commits; preserve name only if external record or link intentionally uses it
integration/r4-t04-architecture-ec1-ec2-main-20260916,f0ec6c4f0e1c12d1b773a01c2114694de4fda3de,2026-09-16,122,0,contained,none,no,B,human_confirm_then_delete,fully merged; no unique commits; preserve name only if external record or link intentionally uses it
integration/r4-t04-ec3-ec4-f01-main-20260916,23acce21802950afc7d5a3d72a7f6f1873d8d223,2026-09-16,113,0,contained,none,no,B,human_confirm_then_delete,fully merged; no unique commits; preserve name only if external record or link intentionally uses it
integration/r4-t09-t14-main-20260917,9ec48f29aebbd46b327e8693efb3be2bf6606193,2026-09-17,68,0,contained,none,no,B,human_confirm_then_delete,fully merged; no unique commits; preserve name only if external record or link intentionally uses it
maintenance/r3-readiness-review-20260906,1e17618a8f4ec8b4cd940661b7e71dfe6ed57287,2026-09-06,403,0,contained,none,no,B,human_confirm_then_delete,fully merged; no unique commits; preserve name only if external record or link intentionally uses it
maintenance/reference-source-home,651282244d22bf4c991f898c6d48dc8fe3cebc3b,2026-09-14,150,0,contained,none,no,B,human_confirm_then_delete,fully merged; no unique commits; preserve name only if external record or link intentionally uses it
maintenance/release-status-cleanup-20260911,1cadce1c66289582ace54e5ec070855f688b5622,2026-09-12,152,0,contained,none,no,B,human_confirm_then_delete,fully merged; no unique commits; preserve name only if external record or link intentionally uses it
preparation/r2-formal-decision-packet-20260918,c2a2254d4981c8714cbeb8bd33fa49c0893e2316,2026-09-18,57,0,contained,none,no,B,human_confirm_then_delete,fully merged; no unique commits; preserve name only if external record or link intentionally uses it
preparation/r3-holm-design-decision-20260918,5ffbd6cc888562c36cbdd09feb3efb9a2ecc8088,2026-09-18,43,0,contained,none,no,B,human_confirm_then_delete,fully merged; no unique commits; preserve name only if external record or link intentionally uses it
preparation/r4-adoption-readiness-a1-20260917,36f37bd4b246f86c8f3fc8004549fce4c1958917,2026-09-17,64,0,contained,none,no,B,human_confirm_then_delete,fully merged; no unique commits; preserve name only if external record or link intentionally uses it
preparation/r4-formal-decision-packet-20260918,96ca5a6d8da9e22627c01f49f192c431d11e8a3a,2026-09-18,31,0,contained,none,no,B,human_confirm_then_delete,fully merged; no unique commits; preserve name only if external record or link intentionally uses it
preparation/r5-projection-inventory,c00b5b55971af8227a52a4c3c618acf14be26738,2026-09-17,85,0,contained,none,no,B,human_confirm_then_delete,fully merged; no unique commits; preserve name only if external record or link intentionally uses it
preservation/r3-independent-multigroup-semantics-reviews-778f295,2dfaf09153b0120f8840b1cea98e47ace4ba6d4c,2026-09-03,408,0,contained,none,no,B,human_confirm_then_delete,fully merged; no unique commits; preserve name only if external record or link intentionally uses it
proposal/r3-holm-adoption-map-20260911,2749b2a51ef848c87ce192d2a02473f80af2cd36,2026-09-12,168,0,contained,none,no,B,human_confirm_then_delete,fully merged; no unique commits; preserve name only if external record or link intentionally uses it
proposal/r3-holm-public-candidate-20260911,f34dcbf7db4ddff44437f952af613b93a7bda9d8,2026-09-11,172,0,contained,none,no,B,human_confirm_then_delete,fully merged; no unique commits; preserve name only if external record or link intentionally uses it
proposal/r5-selection-evidence,976b8d0c18413322e6fbf775c4b990cc632a54ed,2026-09-17,95,0,contained,none,no,B,human_confirm_then_delete,fully merged; no unique commits; preserve name only if external record or link intentionally uses it
r2-d2-d4/structural-candidate-review-protocol,ba7f2e1052d6b5ccd71d8f06d029c61cc854cd04,2026-09-02,428,0,contained,none,no,B,human_confirm_then_delete,fully merged; no unique commits; preserve name only if external record or link intentionally uses it
r2-d5/candidate-supported-scope-resource-bounds,000705ccc3b29d3ef449c5c050e7dba4723a3cab,2026-09-02,491,0,contained,none,no,B,human_confirm_then_delete,fully merged; no unique commits; preserve name only if external record or link intentionally uses it
r2-d5/ci-actual-execution-trace,c571e8076a92ddd500309cf9702619feeb946b4c,2026-09-01,535,0,contained,none,no,B,human_confirm_then_delete,fully merged; no unique commits; preserve name only if external record or link intentionally uses it
r2-d5/ci-endpoint-truth-error-candidate,ba3d81e62f8f77884628c59c4b27d1c5ff3cb340,2026-09-01,525,0,contained,none,no,B,human_confirm_then_delete,fully merged; no unique commits; preserve name only if external record or link intentionally uses it
r2-d5/closure-gap-checkpoint,4a2641c0ba5b4df5ccc53361013973b32818984f,2026-09-02,500,0,contained,none,no,B,human_confirm_then_delete,fully merged; no unique commits; preserve name only if external record or link intentionally uses it
r2-d5/critical-value-review-closure,60e300789f40308389524e610b1d526157244ee8,2026-08-31,651,0,contained,none,no,B,human_confirm_then_delete,fully merged; no unique commits; preserve name only if external record or link intentionally uses it
r2-d5/critical-value-table-evidence-candidate,19139d51aad108125ef9854c304c698ce9b15ade,2026-08-31,655,0,contained,none,no,B,human_confirm_then_delete,fully merged; no unique commits; preserve name only if external record or link intentionally uses it
r2-d5/final-review-readiness,35ab094c9106903e6b8e87a144cfbd8cd52ae124,2026-09-02,432,0,contained,none,no,B,human_confirm_then_delete,fully merged; no unique commits; preserve name only if external record or link intentionally uses it
r2-d5/fixed-95-evidence-review-sync,fae3d5eab08bfd61f6720185737315e7d66432df,2026-09-01,548,0,contained,none,no,B,human_confirm_then_delete,fully merged; no unique commits; preserve name only if external record or link intentionally uses it
r2-d5/fixed-95-table-content-selection,d3096d2b9dce94209001411632c039e3d5c79743,2026-09-01,544,0,contained,none,no,B,human_confirm_then_delete,fully merged; no unique commits; preserve name only if external record or link intentionally uses it
r2-d5/g4-execution-trace-candidate,e94ea523216de37c799e4a61db3ce070df5f6598,2026-08-31,628,0,contained,none,no,B,human_confirm_then_delete,fully merged; no unique commits; preserve name only if external record or link intentionally uses it
r2-d5/g4-execution-trace-review-disposition,14e818a0eedb6806f71fd628e12f1b1982444d33,2026-08-31,610,0,contained,none,no,B,human_confirm_then_delete,fully merged; no unique commits; preserve name only if external record or link intentionally uses it
r2-d5/g4-mathematical-truth-error-candidate,fd17daf909a6c7aaad0e96a89369543c9d12282c,2026-08-31,596,0,contained,none,no,B,human_confirm_then_delete,fully merged; no unique commits; preserve name only if external record or link intentionally uses it
r2-d5/g4-tail-composition-review-disposition,fdf524682ee1f99b003afecaa625871ce64d6a6e,2026-08-31,602,0,contained,none,no,B,human_confirm_then_delete,fully merged; no unique commits; preserve name only if external record or link intentionally uses it
r2-d5/g4-tail-trace-composition-candidate,c8cfed942e56922dc22e0fa2f10dafd74de3c8f3,2026-08-31,606,0,contained,none,no,B,human_confirm_then_delete,fully merged; no unique commits; preserve name only if external record or link intentionally uses it
r2-d5/g4-truth-error-review-disposition,719664b9ba0ec32f6f72b79403c097b6d54e5211,2026-09-01,587,0,contained,none,no,B,human_confirm_then_delete,fully merged; no unique commits; preserve name only if external record or link intentionally uses it
r2-d5/group-1-scope-resource-closure,897bd5b0ff0d9723fd6a319fc8c1a3b9d586b186,2026-09-02,487,0,contained,none,no,B,human_confirm_then_delete,fully merged; no unique commits; preserve name only if external record or link intentionally uses it
r2-d5/group-2-runtime-contract-candidate,adea5c12d709350cbd8d4fbf918ea8344c111000,2026-09-02,483,0,contained,none,no,B,human_confirm_then_delete,fully merged; no unique commits; preserve name only if external record or link intentionally uses it
r2-d5/group-2-runtime-contract-closure,ef62d8a047026eb7226a0fa38ef27dbd1a49b017,2026-09-02,479,0,contained,none,no,B,human_confirm_then_delete,fully merged; no unique commits; preserve name only if external record or link intentionally uses it
r2-d5/group-3-admission-evidence-candidate,5563bae511069cc3bc73a2e3db24d8448de9fe2a,2026-09-02,464,0,contained,none,no,B,human_confirm_then_delete,fully merged; no unique commits; preserve name only if external record or link intentionally uses it
r2-d5/group-3-supported-execution-closure,32549c855a3ecbdfb8761a617b1a3753cb7caa01,2026-09-02,452,0,contained,none,no,B,human_confirm_then_delete,fully merged; no unique commits; preserve name only if external record or link intentionally uses it
r2-d5/group-3-supported-execution-selection,9e58eccb3cde54a4f653340d13170fbdf559b62b,2026-09-02,460,0,contained,none,no,B,human_confirm_then_delete,fully merged; no unique commits; preserve name only if external record or link intentionally uses it
r2-d5/group-4-final-reason-code-inventory,1a2802000b80ed795c51984bd88f89fc6be707a0,2026-09-02,441,0,contained,none,no,B,human_confirm_then_delete,fully merged; no unique commits; preserve name only if external record or link intentionally uses it
r2-d5/group-4-final-reason-code-inventory-closure,8909d31cce3d36303e403103f459b10127e87a1b,2026-09-02,437,0,contained,none,no,B,human_confirm_then_delete,fully merged; no unique commits; preserve name only if external record or link intentionally uses it
r2-d5/input-contract-reason-code-candidate,d3c53ef2e43980b48e7f3dbbc3da47cf915b1da9,2026-08-31,642,0,contained,none,no,B,human_confirm_then_delete,fully merged; no unique commits; preserve name only if external record or link intentionally uses it
r2-d5/m2-tail-numerical-closure-integration,764674bdd3f72ac7774ad456854e8e3a05183765,2026-09-01,556,0,contained,none,no,B,human_confirm_then_delete,fully merged; no unique commits; preserve name only if external record or link intentionally uses it
r2-d5/m3-closure-documentation-sync,8fb109a96ded0ba0c12fc89af9c9c794632f0a4c,2026-09-01,504,0,contained,none,no,B,human_confirm_then_delete,fully merged; no unique commits; preserve name only if external record or link intentionally uses it
r2-d5/m3-confidence-interval-closure-integration,171f18bd79a015b0680cc9afd524b7352be1bbe5,2026-09-01,513,0,contained,none,no,B,human_confirm_then_delete,fully merged; no unique commits; preserve name only if external record or link intentionally uses it
r2-d5/m3-confidence-interval-closure-review-preservation,5afb1f2727558dcde454011f00bdd7df4aa50d03,2026-09-01,506,0,contained,none,no,B,human_confirm_then_delete,fully merged; no unique commits; preserve name only if external record or link intentionally uses it
r2-d5/p-value-enclosure-evidence-closure-candidate,ec2c645d9527ffeee45044c6b274d0e70f7eb88c,2026-09-01,560,0,contained,none,no,B,human_confirm_then_delete,fully merged; no unique commits; preserve name only if external record or link intentionally uses it
r2-d5/runtime-inverse-beta-table-candidate,5d58990e8cb25920bda791d0f0308ab29dcea3fb,2026-08-30,681,0,contained,none,no,B,human_confirm_then_delete,fully merged; no unique commits; preserve name only if external record or link intentionally uses it
r2-d5/runtime-table-integration-candidate,46c7db2db23045654785c0bfa13844eb2c985774,2026-08-30,676,0,contained,none,no,B,human_confirm_then_delete,fully merged; no unique commits; preserve name only if external record or link intentionally uses it
r2-d5/supported-execution-disposition-review-record,984de7d3a771a3c2950c1cbf751ecee8a4980deb,2026-08-31,631,0,contained,none,no,B,human_confirm_then_delete,fully merged; no unique commits; preserve name only if external record or link intentionally uses it
r2-d5/supported-execution-predicate-candidate,e8fd88e2f9a421274fc1644d8b4b0f03fe303f6b,2026-08-31,637,0,contained,none,no,B,human_confirm_then_delete,fully merged; no unique commits; preserve name only if external record or link intentionally uses it
r2-d5/supported-execution-review-disposition,aeb79baadc35dc55bc78fdee3aefb12ffe014cd5,2026-08-31,633,0,contained,none,no,B,human_confirm_then_delete,fully merged; no unique commits; preserve name only if external record or link intentionally uses it
r2-d5/supported-execution-review-record,85b7b83d25ff3ed941633a95ea3d1e8f54145423,2026-08-31,635,0,contained,none,no,B,human_confirm_then_delete,fully merged; no unique commits; preserve name only if external record or link intentionally uses it
r2-d5/tail-numerical-selection-candidate,98da47599053d3e29a2c42f274ffc9c239621ded,2026-09-01,566,0,contained,none,no,B,human_confirm_then_delete,fully merged; no unique commits; preserve name only if external record or link intentionally uses it
r2-d5/tail-truth-error-review-ledger-sync,56ed74b74b62c861398ebba6d3fe7485a985ee88,2026-09-01,581,0,contained,none,no,B,human_confirm_then_delete,fully merged; no unique commits; preserve name only if external record or link intentionally uses it
r2-d5/truth-error-review-closure,6ea9431f32661fac431ee1f0b650a708b8aa2905,2026-08-31,647,0,contained,none,no,B,human_confirm_then_delete,fully merged; no unique commits; preserve name only if external record or link intentionally uses it
r2-d5/truth-error-support-closure-candidate,84debc3f8af699fcb317ee9c9925186de20df12f,2026-08-31,657,0,contained,none,no,B,human_confirm_then_delete,fully merged; no unique commits; preserve name only if external record or link intentionally uses it
r3/comprehensive-multiplicity-scope,b9751bf1800dfd4c1fa771dcea04edbf00087db6,2026-09-03,411,0,contained,none,no,B,human_confirm_then_delete,fully merged; no unique commits; preserve name only if external record or link intentionally uses it
r3/public-review-preparation,ec3728a2e21674752ade99b037f534f5042a46a6,2026-09-03,415,0,contained,none,no,B,human_confirm_then_delete,fully merged; no unique commits; preserve name only if external record or link intentionally uses it
r3/rfc-pre-public-draft,988a3ded3830608be7a051f295fe48a51bb53213,2026-09-03,413,0,contained,none,no,B,human_confirm_then_delete,fully merged; no unique commits; preserve name only if external record or link intentionally uses it
records/r3-d1-checkpoint-close-20260918,4db22b3d165d8a46718d5b8ebe43427b3fdb3405,2026-09-19,29,0,contained,none,no,B,human_confirm_then_delete,fully merged; no unique commits; preserve name only if external record or link intentionally uses it
repair/r3-evidence-and-checkers-20260911,0c8c6d9db4e192c050b6ecf4cbd84b03dd5db9bc,2026-09-12,161,0,contained,none,no,B,human_confirm_then_delete,fully merged; no unique commits; preserve name only if external record or link intentionally uses it
repair/r3-evidence-drift-20260919,146774add9edc672fab20d41a464f69d6a7e4cf8,2026-09-20,15,0,contained,none,no,B,human_confirm_then_delete,fully merged; no unique commits; preserve name only if external record or link intentionally uses it
repair/r3-followup-review-20260911,8abf86dd71110f2751ef32c24fc125e3152cf850,2026-09-12,156,0,contained,none,no,B,human_confirm_then_delete,fully merged; no unique commits; preserve name only if external record or link intentionally uses it
research/fnd-1-all-pairs-primary-source-intake-20260901,6a16de191b7975a6fdb848e25a7a03b2b98e7450,2026-09-01,556,0,contained,none,no,B,human_confirm_then_delete,fully merged; no unique commits; preserve name only if external record or link intentionally uses it
research/fnd-1-all-pairs-source-supplied-completion-20260901,1af5916fbdb2c99b62f5bb6c82461861c48001f2,2026-09-01,556,0,contained,none,no,B,human_confirm_then_delete,fully merged; no unique commits; preserve name only if external record or link intentionally uses it
research/fnd-1-all-pairs-source-supplied-result-intake-20260901,e6da40d8cb28fd8ed68bb2c0f8bae8c3fc67f14d,2026-09-01,548,0,contained,none,no,B,human_confirm_then_delete,fully merged; no unique commits; preserve name only if external record or link intentionally uses it
research/fnd-1-all-pairs-successor-close-review-intake-20260901,a2a31698a3bf37a6b7a8c75ae6866b69f7b7bcea,2026-09-01,535,0,contained,none,no,B,human_confirm_then_delete,fully merged; no unique commits; preserve name only if external record or link intentionally uses it
research/fnd-1-all-pairs-successor-reconciliation-20260901,bdf025b23f667f25ff917216e058a83cf8974850,2026-09-01,546,0,contained,none,no,B,human_confirm_then_delete,fully merged; no unique commits; preserve name only if external record or link intentionally uses it
research/fnd-1-all-pairs-successor-steward-disposition-20260901,67e8fb90370c17c341a6296aed5af066bc2bc562,2026-09-01,534,0,contained,none,no,B,human_confirm_then_delete,fully merged; no unique commits; preserve name only if external record or link intentionally uses it
research/fnd-1-animal-endpoint-close-review-20260902,727c5dad283eb4bd015891a47bd5ebac5348ca94,2026-09-02,447,0,contained,none,no,B,human_confirm_then_delete,fully merged; no unique commits; preserve name only if external record or link intentionally uses it
research/fnd-1-animal-endpoint-close-review-intake-20260903,04681db2478fe5eb7d986492a4d8f3aa1402f0eb,2026-09-03,422,0,contained,none,no,B,human_confirm_then_delete,fully merged; no unique commits; preserve name only if external record or link intentionally uses it
research/fnd-1-animal-endpoint-source-intake-20260902,579f3c208e3fdabb84a97401dd2823c1918d67b4,2026-09-02,459,0,contained,none,no,B,human_confirm_then_delete,fully merged; no unique commits; preserve name only if external record or link intentionally uses it
research/fnd-1-cross-pass-reconciliation-2026-08-30,596b95177db00dbc6d6cad26473b620cf2ce6892,2026-08-30,678,0,contained,none,no,B,human_confirm_then_delete,fully merged; no unique commits; preserve name only if external record or link intentionally uses it
research/fnd-1-dual-pass-commission-2026-08-30,28165f97d0d30ac6832f783839ba89514a3d522c,2026-08-30,680,0,contained,none,no,B,human_confirm_then_delete,fully merged; no unique commits; preserve name only if external record or link intentionally uses it
research/fnd-1-h04-residual-source-commission-20260902,fef749d6b6d7a8c5cbdf561442588ea1061a9d5d,2026-09-02,470,0,contained,none,no,B,human_confirm_then_delete,fully merged; no unique commits; preserve name only if external record or link intentionally uses it
research/fnd-1-multiplicity-close-review-intake-20260831,fb437c88449b649dc80a92d4a66c8be6081e67a8,2026-09-01,595,0,contained,none,no,B,human_confirm_then_delete,fully merged; no unique commits; preserve name only if external record or link intentionally uses it
research/fnd-1-multiplicity-primary-text-closure-2026-08-31,bf35ef43bff7101616baf72875e62a85f4b8b388,2026-08-31,600,0,contained,none,no,B,human_confirm_then_delete,fully merged; no unique commits; preserve name only if external record or link intentionally uses it
research/fnd-1-multiplicity-source-access-record-2026-08-30,b4dabd371b8a62a2119f14ea4957f1f3cfd2c9a5,2026-08-30,666,0,contained,none,no,B,human_confirm_then_delete,fully merged; no unique commits; preserve name only if external record or link intentionally uses it
research/fnd-1-multiplicity-steward-disposition-20260831,7ee7bdfeff469fbb9c4590ddaffcee9c63206f02,2026-09-01,594,0,contained,none,no,B,human_confirm_then_delete,fully merged; no unique commits; preserve name only if external record or link intentionally uses it
research/fnd-1-nonclinical-estimand-close-review-intake-20260901,8862fd8c12fba0ce6430b43c1ab7745ef30c082f,2026-09-01,512,0,contained,none,no,B,human_confirm_then_delete,fully merged; no unique commits; preserve name only if external record or link intentionally uses it
research/fnd-1-nonclinical-estimand-completion-close-review-20260901,be3d037a8df4fe58d0e498e54deaa2b764e77731,2026-09-02,493,0,contained,none,no,B,human_confirm_then_delete,fully merged; no unique commits; preserve name only if external record or link intentionally uses it
research/fnd-1-nonclinical-estimand-completion-close-review-intake-20260902,7f8db5334e82fb0c3825a817256f597956ce0d25,2026-09-02,478,0,contained,none,no,B,human_confirm_then_delete,fully merged; no unique commits; preserve name only if external record or link intentionally uses it
research/fnd-1-nonclinical-estimand-completion-close-review-result-20260901,c41329c7cb5ee7e58b6b785de50d78c9167d4057,2026-09-02,491,0,contained,none,no,B,human_confirm_then_delete,fully merged; no unique commits; preserve name only if external record or link intentionally uses it
research/fnd-1-nonclinical-estimand-completion-steward-disposition-20260902,8b3499edb9e5fc5416d4e29240b957005fc909d6,2026-09-02,472,0,contained,none,no,B,human_confirm_then_delete,fully merged; no unique commits; preserve name only if external record or link intentionally uses it
research/fnd-1-nonclinical-estimand-primary-source-completion-20260901,cd09daf58425d34afaaa5eef7ca92a0a91ee1dca,2026-09-01,508,0,contained,none,no,B,human_confirm_then_delete,fully merged; no unique commits; preserve name only if external record or link intentionally uses it
research/fnd-1-nonclinical-estimand-primary-source-intake-20260901,aace6fba32c0c95aa5f2396130c9755442fa405f,2026-09-01,531,0,contained,none,no,B,human_confirm_then_delete,fully merged; no unique commits; preserve name only if external record or link intentionally uses it
research/fnd-1-nonclinical-estimand-reconciliation-close-review-20260901,7103fb272dc1501fab68d7e840b444912851084e,2026-09-01,515,0,contained,none,no,B,human_confirm_then_delete,fully merged; no unique commits; preserve name only if external record or link intentionally uses it
research/fnd-1-nonclinical-estimand-repository-analysis-20260901,cb563a897c51fe66afcad07a4948cb47e125376d,2026-09-01,531,0,contained,none,no,B,human_confirm_then_delete,fully merged; no unique commits; preserve name only if external record or link intentionally uses it
research/fnd-1-nonclinical-estimand-residual-reconciliation-20260903,2fa5ffec15f74b2d08a55829e3924f68ac6535dd,2026-09-03,419,0,contained,none,no,B,human_confirm_then_delete,fully merged; no unique commits; preserve name only if external record or link intentionally uses it
research/fnd-1-nonclinical-estimand-source-reconciliation-20260901,55d727e770831c159e5645a0b3e6621b8abadb2a,2026-09-01,519,0,contained,none,no,B,human_confirm_then_delete,fully merged; no unique commits; preserve name only if external record or link intentionally uses it
research/fnd-1-nonclinical-estimand-source-reconciliation-intake-20260901,55d727e770831c159e5645a0b3e6621b8abadb2a,2026-09-01,519,0,contained,none,no,B,human_confirm_then_delete,fully merged; no unique commits; preserve name only if external record or link intentionally uses it
research/fnd-1-nonclinical-estimand-source-result-intake-20260901,8854f8f25916459a0bb367508b60597ffc88b581,2026-09-02,500,0,contained,none,no,B,human_confirm_then_delete,fully merged; no unique commits; preserve name only if external record or link intentionally uses it
research/fnd-1-nonclinical-estimand-steward-disposition-20260901,bb476ebf06921034c1c2db483b8733ebb18939cb,2026-09-01,511,0,contained,none,no,B,human_confirm_then_delete,fully merged; no unique commits; preserve name only if external record or link intentionally uses it
research/fnd-1-potential-outcomes-lineage-close-review-intake-20260903,bed23641420adbfe9264eea08265b26c34916ffc,2026-09-03,424,0,contained,none,no,B,human_confirm_then_delete,fully merged; no unique commits; preserve name only if external record or link intentionally uses it
research/fnd-1-potential-outcomes-lineage-intake-20260902,9340ab34321618403a309e536c34aad4ba996897,2026-09-02,460,0,contained,none,no,B,human_confirm_then_delete,fully merged; no unique commits; preserve name only if external record or link intentionally uses it
research/fnd-1-primary-text-closure-2026-08-30,f0f4f834965878d474581e442ea7e337363c13ef,2026-08-30,669,0,contained,none,no,B,human_confirm_then_delete,fully merged; no unique commits; preserve name only if external record or link intentionally uses it
research/fnd-1-repository-pass-intake-2026-08-30,82774b93dae5959532e8bfe191eaacdb0a7e5452,2026-08-30,679,0,contained,none,no,B,human_confirm_then_delete,fully merged; no unique commits; preserve name only if external record or link intentionally uses it
research/foundation-source-closure-commissions-20260831,df124f43f34e302d013481da0cb7f578c5a7b81f,2026-09-01,583,0,contained,none,no,B,human_confirm_then_delete,fully merged; no unique commits; preserve name only if external record or link intentionally uses it
research/r2-d5-supported-execution-predicate,80a5e78839efa65c7a8d95374291c3e7a1a6b0a7,2026-08-31,640,0,contained,none,no,B,human_confirm_then_delete,fully merged; no unique commits; preserve name only if external record or link intentionally uses it
research/r3-additional-source-intake-20260907,eb6c0b2657b0b8b1f5b4ca64e48ad0436319ecc4,2026-09-07,393,0,contained,none,no,B,human_confirm_then_delete,fully merged; no unique commits; preserve name only if external record or link intentionally uses it
research/r3-admission-evidence-20260911,4830197036471278795d21e4db49017688fe9d23,2026-09-11,174,0,contained,none,no,B,human_confirm_then_delete,fully merged; no unique commits; preserve name only if external record or link intentionally uses it
research/r3-candidate-evidence-map-20260910,7f3321b5d8168611baba7647a864d862d87c0a55,2026-09-10,392,0,contained,none,no,B,human_confirm_then_delete,fully merged; no unique commits; preserve name only if external record or link intentionally uses it
research/r3-controlled-execution-20260911,dc6c9694d6a5221dfed0ea5bf4af55246549cd68,2026-09-11,181,0,contained,none,no,B,human_confirm_then_delete,fully merged; no unique commits; preserve name only if external record or link intentionally uses it
research/r3-controlled-execution-review-20260911,6e3b3d1d67030d29a29b77efea4e778f014864af,2026-09-11,179,0,contained,none,no,B,human_confirm_then_delete,fully merged; no unique commits; preserve name only if external record or link intentionally uses it
research/r3-declaration-surface-20260910,d8a69c570d2b376a62f649cfb32765f1fbb646d8,2026-09-10,392,0,contained,none,no,B,human_confirm_then_delete,fully merged; no unique commits; preserve name only if external record or link intentionally uses it
research/r3-execution-boundary-admission-20260911,f6ac2219f81749cd62bd61563146f1f0b5146085,2026-09-11,176,0,contained,none,no,B,human_confirm_then_delete,fully merged; no unique commits; preserve name only if external record or link intentionally uses it
research/r3-execution-investigation-20260911,539f8481b5c57f8d5740af16c7a46772188b85c7,2026-09-11,187,0,contained,none,no,B,human_confirm_then_delete,fully merged; no unique commits; preserve name only if external record or link intentionally uses it
research/r3-holm-candidate-design-20260911,f203eb12c036b40b3602f22603d39702cdba9bba,2026-09-11,391,0,contained,none,no,B,human_confirm_then_delete,fully merged; no unique commits; preserve name only if external record or link intentionally uses it
research/r3-holm-declaration-binding-design-20260911,1e6c4be371bc91f63577f70a5e0fc7742aef16a8,2026-09-11,385,0,contained,none,no,B,human_confirm_then_delete,fully merged; no unique commits; preserve name only if external record or link intentionally uses it
research/r3-holm-declaration-binding-experiment-20260911,cc87234d27b7a0d51bc172d0e661845a3b1f9b15,2026-09-11,382,0,contained,none,no,B,human_confirm_then_delete,fully merged; no unique commits; preserve name only if external record or link intentionally uses it
research/r3-holm-envelope-experiment-20260911,180d6551a48c7d2f8018c21ccbab1fcf33ab6a02,2026-09-11,192,0,contained,none,no,B,human_confirm_then_delete,fully merged; no unique commits; preserve name only if external record or link intentionally uses it
research/r3-holm-envelope-review-20260911,b421cb024f8978c85335d6f25774e84d36fcf97f,2026-09-11,190,0,contained,none,no,B,human_confirm_then_delete,fully merged; no unique commits; preserve name only if external record or link intentionally uses it
research/r3-holm-experiment-20260911,c4ad231471deba354bd018550b2378f2d740b944,2026-09-11,389,0,contained,none,no,B,human_confirm_then_delete,fully merged; no unique commits; preserve name only if external record or link intentionally uses it
research/r3-holm-promotion-proposal-20260911,20c8e3b01f3f8983eba4f05e60c4b64ee946d795,2026-09-11,392,0,contained,none,no,B,human_confirm_then_delete,fully merged; no unique commits; preserve name only if external record or link intentionally uses it
research/r3-holm-record-surface-20260911,b0cfe157c22a868c2b45331b5fdbfebea2487bd0,2026-09-11,196,0,contained,none,no,B,human_confirm_then_delete,fully merged; no unique commits; preserve name only if external record or link intentionally uses it
research/r3-holm-surface-review-and-coupling-20260911,a55f195f09ed4d95f5b056221b47e8e2e8a6f9ba,2026-09-11,194,0,contained,none,no,B,human_confirm_then_delete,fully merged; no unique commits; preserve name only if external record or link intentionally uses it
research/r3-next-work-plan-20260911,4eb31733f5e221ed211a6cc4448057e6dd2fc0dc,2026-09-11,388,0,contained,none,no,B,human_confirm_then_delete,fully merged; no unique commits; preserve name only if external record or link intentionally uses it
research/r3-opening-premise-repair-20260909,545f6eb4c28eb93bd7cc5404dd45afd475822317,2026-09-09,357,0,contained,none,no,B,human_confirm_then_delete,fully merged; no unique commits; preserve name only if external record or link intentionally uses it
research/r3-public-opening-record-20260909,7774242f0df81342c5abca97a8fbe40844306fa6,2026-09-09,355,0,contained,none,no,B,human_confirm_then_delete,fully merged; no unique commits; preserve name only if external record or link intentionally uses it
research/r3-r4-continuation-20260907,b405512111699f262440d0b819dfa0977ad7b72a,2026-09-08,384,0,contained,none,no,B,human_confirm_then_delete,fully merged; no unique commits; preserve name only if external record or link intentionally uses it
research/r3-source-intake-srk-20260907,9eee0caf6a423d509a996be71df8cff8b4d1e9df,2026-09-07,396,0,contained,none,no,B,human_confirm_then_delete,fully merged; no unique commits; preserve name only if external record or link intentionally uses it
research/r3-source-review-receipts-20260909,55d30240252517aa4a84b8cccf374a72260c3426,2026-09-09,363,0,contained,none,no,B,human_confirm_then_delete,fully merged; no unique commits; preserve name only if external record or link intentionally uses it
research/r3-sra-supplied-primary-20260909,9e95cdee40b64cbf0f42dca8e3fab1c075507168,2026-09-09,364,0,contained,none,no,B,human_confirm_then_delete,fully merged; no unique commits; preserve name only if external record or link intentionally uses it
research/r3-srb-primary-completion-20260907,f6d39534e85920a8331941126a6eb384244e34f1,2026-09-07,391,0,contained,none,no,B,human_confirm_then_delete,fully merged; no unique commits; preserve name only if external record or link intentionally uses it
research/r3-src-closure-proposal-20260907,80ad520cf25e8cdf647f20e7d08d5bb426a85633,2026-09-07,392,0,contained,none,no,B,human_confirm_then_delete,fully merged; no unique commits; preserve name only if external record or link intentionally uses it
research/r3-srd-acceptance-20260909,0624d98715706f1a940025407a91dccf9e8b3881,2026-09-09,374,0,contained,none,no,B,human_confirm_then_delete,fully merged; no unique commits; preserve name only if external record or link intentionally uses it
research/r3-srd-author-followup-20260909,862dfe2bcf55b206c9f87ac06164b02b2cc3c079,2026-09-09,378,0,contained,none,no,B,human_confirm_then_delete,fully merged; no unique commits; preserve name only if external record or link intentionally uses it
research/r3-srd-author-synthesis-20260909,8a1b5f9da70c654c03e0deb0229d2abd592aee44,2026-09-09,376,0,contained,none,no,B,human_confirm_then_delete,fully merged; no unique commits; preserve name only if external record or link intentionally uses it
research/r3-srf-acceptance-20260908,7cf5a5d0a14446fce0a67d0850793bbd4e117d67,2026-09-08,382,0,contained,none,no,B,human_confirm_then_delete,fully merged; no unique commits; preserve name only if external record or link intentionally uses it
research/r3-srf-primary-research-20260908,4ce988231330f5702a7d3d8a352b01fac575191f,2026-09-08,384,0,contained,none,no,B,human_confirm_then_delete,fully merged; no unique commits; preserve name only if external record or link intentionally uses it
research/r3-srf-review-repair-20260908,c6ba9c923d142e0dacbb62ea20009cbd0ecb34c5,2026-09-08,383,0,contained,none,no,B,human_confirm_then_delete,fully merged; no unique commits; preserve name only if external record or link intentionally uses it
research/r3-srh-lsd-primary-20260908,81835178ac49f189064e20d9babda219acfd7c5f,2026-09-08,390,0,contained,none,no,B,human_confirm_then_delete,fully merged; no unique commits; preserve name only if external record or link intentionally uses it
research/r3-srh-lsd-repair-20260908,1b2a1efa25d37b6cc140b788cbaab4f78e84ec2b,2026-09-08,389,0,contained,none,no,B,human_confirm_then_delete,fully merged; no unique commits; preserve name only if external record or link intentionally uses it
research/r3-srh-monotonicity-repair-20260908,f7ab321477bbb4f6decefbf931615ff6966e9e6e,2026-09-08,386,0,contained,none,no,B,human_confirm_then_delete,fully merged; no unique commits; preserve name only if external record or link intentionally uses it
research/r3-srh-range-review-followup-20260908,044078d3b19ff3307dc347b0b9e7ecbbed1750c6,2026-09-08,387,0,contained,none,no,B,human_confirm_then_delete,fully merged; no unique commits; preserve name only if external record or link intentionally uses it
research/r3-srh-range-synthesis-20260908,070e5dd569f0dfcb6f15ec49daebc0544af217d9,2026-09-08,388,0,contained,none,no,B,human_confirm_then_delete,fully merged; no unique commits; preserve name only if external record or link intentionally uses it
research/r3-sri-acceptance-20260909,1c013a6bc07f7d066fa43c692abe2be91241b384,2026-09-09,380,0,contained,none,no,B,human_confirm_then_delete,fully merged; no unique commits; preserve name only if external record or link intentionally uses it
research/r3-sri-author-synthesis-20260909,3a8bc0d86718a2cf47ce12089a9030a02e41a297,2026-09-09,381,0,contained,none,no,B,human_confirm_then_delete,fully merged; no unique commits; preserve name only if external record or link intentionally uses it
research/r3-srj-acceptance-20260909,7e513d174de83a564a91bea9168e45f623c58448,2026-09-09,367,0,contained,none,no,B,human_confirm_then_delete,fully merged; no unique commits; preserve name only if external record or link intentionally uses it
research/r3-srj-author-synthesis-20260909,4d61db593510466f34ca546430d7796ea42d22e1,2026-09-09,369,0,contained,none,no,B,human_confirm_then_delete,fully merged; no unique commits; preserve name only if external record or link intentionally uses it
research/r3-srj-primary-followup-20260909,cbbc51143b82d97b29afaa0902ee2a42456d3166,2026-09-09,372,0,contained,none,no,B,human_confirm_then_delete,fully merged; no unique commits; preserve name only if external record or link intentionally uses it
research/r3-srj-review-receipt-20260909,55a073525ec685278cf40731d61b1b17ec0882aa,2026-09-09,370,0,contained,none,no,B,human_confirm_then_delete,fully merged; no unique commits; preserve name only if external record or link intentionally uses it
research/r3-supplied-scope-opening-20260909,fca5094a227422fd2d7d72ed8a7dc64f0f6ddc21,2026-09-09,359,0,contained,none,no,B,human_confirm_then_delete,fully merged; no unique commits; preserve name only if external record or link intentionally uses it
research/r3-supplied-source-scope-20260909,09a75be0f3549d75e74ee7226b476a9d71480cb0,2026-09-09,365,0,contained,none,no,B,human_confirm_then_delete,fully merged; no unique commits; preserve name only if external record or link intentionally uses it
research/r3-troendle-review-repair-20260909,829e1050ab35ced87867490c974ea07b6e1545c9,2026-09-09,360,0,contained,none,no,B,human_confirm_then_delete,fully merged; no unique commits; preserve name only if external record or link intentionally uses it
research/r3-troendle-supplied-primary-20260909,0e82d4a3d6f098753a703287f9424fe590b886d5,2026-09-09,362,0,contained,none,no,B,human_confirm_then_delete,fully merged; no unique commits; preserve name only if external record or link intentionally uses it
research/r4-arithmetic-candidate-20260910,2864903316b4b4b2b219a56b42c535bfec7935b3,2026-09-10,392,0,contained,none,no,B,human_confirm_then_delete,fully merged; no unique commits; preserve name only if external record or link intentionally uses it
research/r4-complete-output-design-20260911,1ae29058f44dce65ba3a3ef0d018bdbea0d9f940,2026-09-11,390,0,contained,none,no,B,human_confirm_then_delete,fully merged; no unique commits; preserve name only if external record or link intentionally uses it
research/r4-complete-output-experiment-20260911,f8f3feb71404962262d1a9f78b5d37f04454f746,2026-09-11,387,0,contained,none,no,B,human_confirm_then_delete,fully merged; no unique commits; preserve name only if external record or link intentionally uses it
research/r4-controlled-execution-20260912,98bea06dd649949ed2f62a2e7fbe25ed4337a4aa,2026-09-14,140,0,contained,none,no,B,human_confirm_then_delete,fully merged; no unique commits; preserve name only if external record or link intentionally uses it
research/r4-factorial-numerics-58675e6,5bae1f2548a7126c254c51b65b0eda4ae4941343,2026-09-06,398,0,contained,none,no,B,human_confirm_then_delete,fully merged; no unique commits; preserve name only if external record or link intentionally uses it
research/r4-factorial-preparation-20260906,c5e1a1eb8344085219a0d2d57fdbdc5695d68510,2026-09-06,401,0,contained,none,no,B,human_confirm_then_delete,fully merged; no unique commits; preserve name only if external record or link intentionally uses it
research/r4-factorial-semantics-58675e6,a2687f10719b399dafb511999cc1ef5b406a0c02,2026-09-06,399,0,contained,none,no,B,human_confirm_then_delete,fully merged; no unique commits; preserve name only if external record or link intentionally uses it
research/r4-numerical-degree-guard-20260907,5962cc2def5b1aca7e30d219f12a9a6486ca7b11,2026-09-07,397,0,contained,none,no,B,human_confirm_then_delete,fully merged; no unique commits; preserve name only if external record or link intentionally uses it
research/r4-opening-rfc-candidate,022c8699befbcba375e3aa6e07c1a8dd8eace483,2026-09-09,387,0,contained,none,no,B,human_confirm_then_delete,fully merged; no unique commits; preserve name only if external record or link intentionally uses it
research/r4-rational-tail-composition-20260911,c61e734a1f19f6572100f2594dd24b1e01ea4d49,2026-09-11,386,0,contained,none,no,B,human_confirm_then_delete,fully merged; no unique commits; preserve name only if external record or link intentionally uses it
research/r4-support-boundary-plan-20260911,4d4988b55cc4924c77f61d837dba7ba0a514f609,2026-09-11,392,0,contained,none,no,B,human_confirm_then_delete,fully merged; no unique commits; preserve name only if external record or link intentionally uses it
research/r4-t03-numerical-policy-20260914,d9ec6984f55f09caa2f65d7714af72190d63c6d4,2026-09-14,140,0,contained,none,no,B,human_confirm_then_delete,fully merged; no unique commits; preserve name only if external record or link intentionally uses it
research/r4-t04-architecture-20260914,cd9d780ac06a3b998ff5d4717429b0177a222fe8,2026-09-14,139,0,contained,none,no,B,human_confirm_then_delete,fully merged; no unique commits; preserve name only if external record or link intentionally uses it
research/r4-t04-ec3-ec4-evidence-20260914,318955dc260204328ec39acb67925e68c35d0c28,2026-09-15,129,0,contained,none,no,B,human_confirm_then_delete,fully merged; no unique commits; preserve name only if external record or link intentionally uses it
research/r4-t05-review-sufficiency-20260915,cf1cbbe4cc087057302ab3144d643fa055f9e288,2026-09-15,135,0,contained,none,no,B,human_confirm_then_delete,fully merged; no unique commits; preserve name only if external record or link intentionally uses it
research/r4-t06-candidate-surfaces-20260915,ae1ad029179f31ae463882e8467e9367398263c9,2026-09-15,135,0,contained,none,no,B,human_confirm_then_delete,fully merged; no unique commits; preserve name only if external record or link intentionally uses it
research/r4-t07-closed-schemas-validator-20260915,fb773cc2092678f8409c2f0d25289028356eeb86,2026-09-15,134,0,contained,none,no,B,human_confirm_then_delete,fully merged; no unique commits; preserve name only if external record or link intentionally uses it
research/r4-t08-limited-adapter-20260915,76542b5d0370fc51d60f22efda2af00cafe33ad1,2026-09-15,133,0,contained,none,no,B,human_confirm_then_delete,fully merged; no unique commits; preserve name only if external record or link intentionally uses it
research/r4-t09-check-report-lifecycle-20260915,60ce3a41770edde6e3cf6dc67ff470cd6207af10,2026-09-15,129,0,contained,none,no,B,human_confirm_then_delete,fully merged; no unique commits; preserve name only if external record or link intentionally uses it
research/r4-t10-independent-expectations-20260915,db2efb3e301ba66797c1093f914b2466326e2d81,2026-09-15,123,0,contained,none,no,B,human_confirm_then_delete,fully merged; no unique commits; preserve name only if external record or link intentionally uses it
research/r4-t11-regression-preservation-20260915,5478f30981da04faded03eaa0d15419a6665210d,2026-09-15,119,0,contained,none,no,B,human_confirm_then_delete,fully merged; no unique commits; preserve name only if external record or link intentionally uses it
research/r4-t12-candidate-freeze-20260915,752a3ef876f27595cca31c4a106e70ffc7bd04df,2026-09-15,118,0,contained,none,no,B,human_confirm_then_delete,fully merged; no unique commits; preserve name only if external record or link intentionally uses it
research/r4-t12-refreeze-f13-01-20260916,88a5f488db8a777c691afbf85282f9be99fb00d4,2026-09-16,112,0,contained,none,no,B,human_confirm_then_delete,fully merged; no unique commits; preserve name only if external record or link intentionally uses it
research/r4-t13-f13-01-repair-20260915,e449956c705133445d947187c14efa82e5590032,2026-09-15,116,0,contained,none,no,B,human_confirm_then_delete,fully merged; no unique commits; preserve name only if external record or link intentionally uses it
research/r4-tail-evidence-checker-20260911,bc1c1ace426d51e55c9551090f6e400af2ac17d2,2026-09-11,389,0,contained,none,no,B,human_confirm_then_delete,fully merged; no unique commits; preserve name only if external record or link intentionally uses it
research/r4-tail-evidence-design-20260911,dc3c1c88b684aed6f90c7d35b6d06fce501f8858,2026-09-11,384,0,contained,none,no,B,human_confirm_then_delete,fully merged; no unique commits; preserve name only if external record or link intentionally uses it
research/r4-tail-evidence-experiment-20260911,97ef2926dbea7251d9fa611d4ada6513341f9826,2026-09-11,382,0,contained,none,no,B,human_confirm_then_delete,fully merged; no unique commits; preserve name only if external record or link intentionally uses it
research/r4-tail-feasibility-20260910,8d1979a4cf91012d86d57df40e5a847e2f00a358,2026-09-10,392,0,contained,none,no,B,human_confirm_then_delete,fully merged; no unique commits; preserve name only if external record or link intentionally uses it
review-preservation/r2-d2-d4-structural-candidate-surface-ba7f2e1,a3f0c3a8a83a0bfbd27a1d07213e92d5e72e5b78,2026-09-03,426,0,contained,none,no,B,human_confirm_then_delete,fully merged; no unique commits; preserve name only if external record or link intentionally uses it
review-preservation/r2-d5-candidate-scope-resource-bounds-000705c,776ca93ccb94f116362bad46e56647ca07aec5bd,2026-09-02,489,0,contained,none,no,B,human_confirm_then_delete,fully merged; no unique commits; preserve name only if external record or link intentionally uses it
review-preservation/r2-d5-closure-gap-checkpoint-4a2641c,15e03c6da561d567dd8777f3dc3bf8f21da9d59b,2026-09-02,496,0,contained,none,no,B,human_confirm_then_delete,fully merged; no unique commits; preserve name only if external record or link intentionally uses it
review-preservation/r2-d5-final-review-readiness-35ab094,177b90ef464d7d453d0710e1a383870efc77115a,2026-09-02,430,0,contained,none,no,B,human_confirm_then_delete,fully merged; no unique commits; preserve name only if external record or link intentionally uses it
review-preservation/r2-d5-group-1-scope-resource-closure-897bd5b,99b0276d27f7848787a93dbc8a6fb1cf346a1932,2026-09-02,485,0,contained,none,no,B,human_confirm_then_delete,fully merged; no unique commits; preserve name only if external record or link intentionally uses it
review-preservation/r2-d5-group-2-closure-ef62d8a,7d5c26b4425734a6d9f81c4a99c297ebef98ca40,2026-09-02,466,0,contained,none,no,B,human_confirm_then_delete,fully merged; no unique commits; preserve name only if external record or link intentionally uses it
review-preservation/r2-d5-group-2-runtime-contract-adea5c1,801feb029687abd66f230a29fd468536a4b435f3,2026-09-02,481,0,contained,none,no,B,human_confirm_then_delete,fully merged; no unique commits; preserve name only if external record or link intentionally uses it
review-preservation/r2-d5-group-3-admission-evidence-5563bae,ff5834199b3393d3fa85294d0112213aa432aa25,2026-09-02,462,0,contained,none,no,B,human_confirm_then_delete,fully merged; no unique commits; preserve name only if external record or link intentionally uses it
review-preservation/r2-d5-group-3-closure-32549c8,86da97ec11f50107eeec9a39e49d938443cf9065,2026-09-02,443,0,contained,none,no,B,human_confirm_then_delete,fully merged; no unique commits; preserve name only if external record or link intentionally uses it
review-preservation/r2-d5-group-3-selection-9e58ecc,0af9cad57c4918788b3a7d2ffda1e28fae2b3900,2026-09-02,454,0,contained,none,no,B,human_confirm_then_delete,fully merged; no unique commits; preserve name only if external record or link intentionally uses it
review-preservation/r2-d5-group-4-closure-8909d31,9c6f27f821614891c7f7632ecf0c3ee9cfbd6e8f,2026-09-02,435,0,contained,none,no,B,human_confirm_then_delete,fully merged; no unique commits; preserve name only if external record or link intentionally uses it
review-preservation/r2-d5-group-4-inventory-1a28020,3566b433619a9ee9c260430de4a7030e0edadf36,2026-09-02,439,0,contained,none,no,B,human_confirm_then_delete,fully merged; no unique commits; preserve name only if external record or link intentionally uses it
review/fnd-1-all-pairs-successor-analysis-20260901,08201a4bf18f736ee975028a42f67362b0939d9b,2026-09-01,581,0,contained,none,no,B,human_confirm_then_delete,fully merged; no unique commits; preserve name only if external record or link intentionally uses it
review/fnd-1-multiplicity-close-review-20260831,a09a5aa44c9e7cbb849841a0391d0b722f287576,2026-08-31,599,0,contained,none,no,B,human_confirm_then_delete,fully merged; no unique commits; preserve name only if external record or link intentionally uses it
review/fnd-1-multiplicity-close-review-intake-fb437c8,19208a6a87fa852917897694923f5fdf436f0958,2026-08-31,594,0,contained,none,no,B,human_confirm_then_delete,fully merged; no unique commits; preserve name only if external record or link intentionally uses it
review/fnd-1-multiplicity-close-review-record,6c3d9acfe631c1fe6dc5e9d5b6ce0539b9231a48,2026-08-31,597,0,contained,none,no,B,human_confirm_then_delete,fully merged; no unique commits; preserve name only if external record or link intentionally uses it
review/fnd-1-multiplicity-steward-disposition-7ee7bdf,9bc8e470fbc2ae841a5ffec95b46c6389404ca82,2026-08-31,593,0,contained,none,no,B,human_confirm_then_delete,fully merged; no unique commits; preserve name only if external record or link intentionally uses it
review/r2-d5-ci-endpoint-truth-error-review-record,1a22e7cf30f2f07a46199d0745c16ea384cff665,2026-09-01,515,0,contained,none,no,B,human_confirm_then_delete,fully merged; no unique commits; preserve name only if external record or link intentionally uses it
review/r2-d5-ci-execution-trace-review-record,be17e68e95b749fe5398f77382895aa7cc8297be,2026-09-01,529,0,contained,none,no,B,human_confirm_then_delete,fully merged; no unique commits; preserve name only if external record or link intentionally uses it
review/r2-d5-ci-trace-review-record,cf5e37028ee13ab37499fa39074cb0a2536ad2d8,2026-09-01,529,0,contained,none,no,B,human_confirm_then_delete,fully merged; no unique commits; preserve name only if external record or link intentionally uses it
review/r2-d5-critical-value-table-evidence-19139d5,24456c9d3d7faef56bbb731dac57045401780ea6,2026-08-30,654,0,contained,none,no,B,human_confirm_then_delete,fully merged; no unique commits; preserve name only if external record or link intentionally uses it
review/r2-d5-critical-value-table-n1-close-07385589,ca68deadae3ccd6cc24f1bb49f4ac97ec5babd52,2026-08-30,651,0,contained,none,no,B,human_confirm_then_delete,fully merged; no unique commits; preserve name only if external record or link intentionally uses it
review/r2-d5-fixed-95-evidence-sync-review-record,091bbf8985e041c4c17958054604d80877d32a61,2026-09-01,546,0,contained,none,no,B,human_confirm_then_delete,fully merged; no unique commits; preserve name only if external record or link intentionally uses it
review/r2-d5-fixed-95-table-selection-review-record,a56157cdc823b920e5f1158e4e372ae92d5433f0,2026-09-01,537,0,contained,none,no,B,human_confirm_then_delete,fully merged; no unique commits; preserve name only if external record or link intentionally uses it
review/r2-d5-g4-execution-trace-repair-close-e94ea52,f72a4ff7263a39ac34ce3933926b3578bff1b93b,2026-08-31,626,0,contained,none,no,B,human_confirm_then_delete,fully merged; no unique commits; preserve name only if external record or link intentionally uses it
review/r2-d5-g4-review-cycle-records,24aa56b7912243bda1e9305cb3374ad9e108c5a7,2026-08-31,608,0,contained,none,no,B,human_confirm_then_delete,fully merged; no unique commits; preserve name only if external record or link intentionally uses it
review/r2-d5-g4-tail-composition-disposition-record,8de1dc7346a117a40aaea34cd1c9d95c05cfb3bb,2026-08-31,600,0,contained,none,no,B,human_confirm_then_delete,fully merged; no unique commits; preserve name only if external record or link intentionally uses it
review/r2-d5-g4-tail-composition-review-record,093849c18310fd23c4e5a1203def033bf01bcddc,2026-08-31,604,0,contained,none,no,B,human_confirm_then_delete,fully merged; no unique commits; preserve name only if external record or link intentionally uses it
review/r2-d5-g4-truth-error-disposition-review-record,de6b70defbf13975ebc6c8ceb3a74a01b25b15ac,2026-09-01,585,0,contained,none,no,B,human_confirm_then_delete,fully merged; no unique commits; preserve name only if external record or link intentionally uses it
review/r2-d5-g4-truth-error-review-record,4c2eb4b1aeffbc6f50bbb1a116dd2e8c99dd190d,2026-09-01,594,0,contained,none,no,B,human_confirm_then_delete,fully merged; no unique commits; preserve name only if external record or link intentionally uses it
review/r2-d5-m2-tail-closure-review-record,453fc14d205d22cacab0a8174f4ff835581ee4de,2026-09-01,550,0,contained,none,no,B,human_confirm_then_delete,fully merged; no unique commits; preserve name only if external record or link intentionally uses it
review/r2-d5-p-value-enclosure-evidence-review-record,a4f2c84fe155b57c5c33d86e82a6ee59c9330217,2026-09-01,558,0,contained,none,no,B,human_confirm_then_delete,fully merged; no unique commits; preserve name only if external record or link intentionally uses it
review/r2-d5-runtime-input-reason-code-b4bf419,b735c915d10a076f0d9e93e9769bf553f325a71a,2026-08-30,643,0,contained,none,no,B,human_confirm_then_delete,fully merged; no unique commits; preserve name only if external record or link intentionally uses it
review/r2-d5-runtime-table-integration-f9b039d7,09e720615dd3705773a5a4cc764cc3be37cedea9,2026-08-30,670,0,contained,none,no,B,human_confirm_then_delete,fully merged; no unique commits; preserve name only if external record or link intentionally uses it
review/r2-d5-tail-numerical-selection-review-record,4629e418ec1ec15be9e21228c8e3bb02ca279777,2026-09-01,562,0,contained,none,no,B,human_confirm_then_delete,fully merged; no unique commits; preserve name only if external record or link intentionally uses it
review/r2-d5-tail-truth-error-ledger-sync-result-56ed74b,fadc01c8f79f68555d5cbb2101db4f4f973eacd4,2026-09-01,580,0,contained,none,no,B,human_confirm_then_delete,fully merged; no unique commits; preserve name only if external record or link intentionally uses it
review/r2-d5-truth-error-repair-close-84debc3f,8783491dbf168d177faa30238349d1c7fc9663af,2026-08-30,648,0,contained,none,no,B,human_confirm_then_delete,fully merged; no unique commits; preserve name only if external record or link intentionally uses it
review/r2-d5-truth-error-support-closure-2b9d3f4,773b0eadf02618c74c11c7e215d9b7d5c1f75528,2026-08-30,659,0,contained,none,no,B,human_confirm_then_delete,fully merged; no unique commits; preserve name only if external record or link intentionally uses it
review/r3-declaration-surface-d8a69c5,25de2d2b97934476dc2ae49eeb3fa5143a74e131,2026-09-10,391,0,contained,none,no,B,human_confirm_then_delete,fully merged; no unique commits; preserve name only if external record or link intentionally uses it
review/r3-evidence-map-holm-7f3321b,a5213b446df0ec1de09d557c0c6933320f470452,2026-09-10,391,0,contained,none,no,B,human_confirm_then_delete,fully merged; no unique commits; preserve name only if external record or link intentionally uses it
review/r3-holm-welch-source-connection-20260911,9793fd2f1540c26491651ff02bf51d0bd292f821,2026-09-11,392,0,contained,none,no,B,human_confirm_then_delete,fully merged; no unique commits; preserve name only if external record or link intentionally uses it
review/r3-numerical-callback-confirmation-20260909,92bea491e237df6aec08ae1e3c4c52e43ec3593d,2026-09-09,392,0,contained,none,no,B,human_confirm_then_delete,fully merged; no unique commits; preserve name only if external record or link intentionally uses it
review/r3-numerical-reproduction-20260909,a133707a0c09008a26709318c8cc54e000b3bd36,2026-09-09,393,0,contained,none,no,B,human_confirm_then_delete,fully merged; no unique commits; preserve name only if external record or link intentionally uses it
review/r3-opening-premise-repair-545f6eb,c97e1dacd779f7e3ecf9167630ecb2de9c15a231,2026-09-09,356,0,contained,none,no,B,human_confirm_then_delete,fully merged; no unique commits; preserve name only if external record or link intentionally uses it
review/r3-srb-primary-completion-20260908,3059f6baca76dc93b5fbf248012f09132f3881f6,2026-09-08,390,0,contained,none,no,B,human_confirm_then_delete,fully merged; no unique commits; preserve name only if external record or link intentionally uses it
review/r3-src-closure-proposal-20260907,3828b82b0b2e79b7ba05f6eb771288c39d49435b,2026-09-07,391,0,contained,none,no,B,human_confirm_then_delete,fully merged; no unique commits; preserve name only if external record or link intentionally uses it
review/r3-src-primary-completion-20260907,c36318971244c26073078b848ab2f3c52f46010b,2026-09-07,392,0,contained,none,no,B,human_confirm_then_delete,fully merged; no unique commits; preserve name only if external record or link intentionally uses it
review/r3-srd-acceptance-20260909,95683fc99403dc614e4722fb2ee7ab2760afed37,2026-09-09,373,0,contained,none,no,B,human_confirm_then_delete,fully merged; no unique commits; preserve name only if external record or link intentionally uses it
review/r3-srd-author-followup-review-20260909,00f50638d3389d2d901fcadb5e2d03a5f2bd4f78,2026-09-09,377,0,contained,none,no,B,human_confirm_then_delete,fully merged; no unique commits; preserve name only if external record or link intentionally uses it
review/r3-srd-author-synthesis-20260909,8c2c45d653a8c4d3b08fd4cafa7ef3f21ca01bc4,2026-09-09,375,0,contained,none,no,B,human_confirm_then_delete,fully merged; no unique commits; preserve name only if external record or link intentionally uses it
review/r3-srd-primary-investigation-20260909,7190c78b58f9d6b36dad0d8a39ff1c3b29faa961,2026-09-09,379,0,contained,none,no,B,human_confirm_then_delete,fully merged; no unique commits; preserve name only if external record or link intentionally uses it
review/r3-srd-targeted-followup-20260909,ea9c74de316515dcfa592b52328b1af7005ed32d,2026-09-09,378,0,contained,none,no,B,human_confirm_then_delete,fully merged; no unique commits; preserve name only if external record or link intentionally uses it
review/r3-srf-primary-research-20260908,ca88a1550165dc9b2f5f16541e91d92d1c79ef82,2026-09-08,383,0,contained,none,no,B,human_confirm_then_delete,fully merged; no unique commits; preserve name only if external record or link intentionally uses it
review/r3-srf-review-repair-20260908,eb9edc50e776bafb856273c76c21ff5d4bb2e876,2026-09-08,382,0,contained,none,no,B,human_confirm_then_delete,fully merged; no unique commits; preserve name only if external record or link intentionally uses it
review/r3-srh-cross-cutting-adversarial-20260908,ec0840c0ae20d71fbca715cf1e41880f3b09a20a,2026-09-08,386,0,contained,none,no,B,human_confirm_then_delete,fully merged; no unique commits; preserve name only if external record or link intentionally uses it
review/r3-srh-lsd-primary-20260908,92867850f00d9d3a0f0f62b527707cb198196f51,2026-09-08,389,0,contained,none,no,B,human_confirm_then_delete,fully merged; no unique commits; preserve name only if external record or link intentionally uses it
review/r3-srh-lsd-repair-20260908,f30cd00d01666ec07f2573d428fed6c92689ba85,2026-09-08,388,0,contained,none,no,B,human_confirm_then_delete,fully merged; no unique commits; preserve name only if external record or link intentionally uses it
review/r3-srh-monotonicity-repair-20260908,c9389daf5c8b33dc769ff962e43ea392fe85ef86,2026-09-08,385,0,contained,none,no,B,human_confirm_then_delete,fully merged; no unique commits; preserve name only if external record or link intentionally uses it
review/r3-srh-range-completion-20260908,a5e921c07ea2ab4f0147864fd2323f607512ef0d,2026-09-08,386,0,contained,none,no,B,human_confirm_then_delete,fully merged; no unique commits; preserve name only if external record or link intentionally uses it
review/r3-srh-range-synthesis-20260908,f1cbcca6e1ff06670d43d44bd38bf76a7a43833a,2026-09-08,387,0,contained,none,no,B,human_confirm_then_delete,fully merged; no unique commits; preserve name only if external record or link intentionally uses it
review/r3-sri-acceptance-20260909,5458992f8cb0d1abba553c0f5d294fdfe0c09fa0,2026-09-09,379,0,contained,none,no,B,human_confirm_then_delete,fully merged; no unique commits; preserve name only if external record or link intentionally uses it
review/r3-sri-author-synthesis-20260909,06c09e6616b27124ef00b615a5ad59b0e060902a,2026-09-09,380,0,contained,none,no,B,human_confirm_then_delete,fully merged; no unique commits; preserve name only if external record or link intentionally uses it
review/r3-sri-primary-investigation-20260908,a3e1c735b7878be071dc7268c63c6f4bada25a9a,2026-09-08,381,0,contained,none,no,B,human_confirm_then_delete,fully merged; no unique commits; preserve name only if external record or link intentionally uses it
review/r3-srj-acceptance-20260909,72e4dd3b71868cf6423dfefa231751a03a1b2161,2026-09-09,366,0,contained,none,no,B,human_confirm_then_delete,fully merged; no unique commits; preserve name only if external record or link intentionally uses it
review/r3-srj-author-synthesis-20260909,c9ca0084a377381740396f00174aba653cee0aed,2026-09-09,368,0,contained,none,no,B,human_confirm_then_delete,fully merged; no unique commits; preserve name only if external record or link intentionally uses it
review/r3-srj-primary-followup-20260909,2ba1f1672af6846414439cb3db9524828d0ac8ac,2026-09-09,371,0,contained,none,no,B,human_confirm_then_delete,fully merged; no unique commits; preserve name only if external record or link intentionally uses it
review/r3-srk-srg-additional-primary-20260907,54fb11a7f1e909a0c7135563885d235987358382,2026-09-07,395,0,contained,none,no,B,human_confirm_then_delete,fully merged; no unique commits; preserve name only if external record or link intentionally uses it
review/r3-srk-srg-source-closure-20260907,f8c17dba9bb2e7cc5e3ebe5a9f837f54af0fdd88,2026-09-07,396,0,contained,none,no,B,human_confirm_then_delete,fully merged; no unique commits; preserve name only if external record or link intentionally uses it
review/r3-srk-srg-source-closure-repair-20260907,a082036b734607c52c1219e9f396cd5bca8aec7b,2026-09-07,395,0,contained,none,no,B,human_confirm_then_delete,fully merged; no unique commits; preserve name only if external record or link intentionally uses it
review/r3-supplied-scope-opening-fca5094,c28d87a2260ca04c99e3c3927e8aa847aad1bd38,2026-09-09,358,0,contained,none,no,B,human_confirm_then_delete,fully merged; no unique commits; preserve name only if external record or link intentionally uses it
review/r3-troendle-supplied-primary-20260909,646ae78d2836525333ac1c1a259fdeda0bb6be89,2026-09-09,361,0,contained,none,no,B,human_confirm_then_delete,fully merged; no unique commits; preserve name only if external record or link intentionally uses it
review/r4-arithmetic-2864903,87adcec680f90271d0a6e571c1892ec38a392751,2026-09-10,391,0,contained,none,no,B,human_confirm_then_delete,fully merged; no unique commits; preserve name only if external record or link intentionally uses it
review/r4-degree-guard-20260907,2e3698ba32c0dae6dcd07ab8c71272d990fbaf49,2026-09-07,396,0,contained,none,no,B,human_confirm_then_delete,fully merged; no unique commits; preserve name only if external record or link intentionally uses it
review/r4-factorial-preparation-20260906,f8e212a8c86b83b712933e3ac785d824220eb449,2026-09-06,398,0,contained,none,no,B,human_confirm_then_delete,fully merged; no unique commits; preserve name only if external record or link intentionally uses it
review/r4-factorial-research-exact-head-20260906,1d493622af970145925f35c8d2cd95f6cbf03cc7,2026-09-06,399,0,contained,none,no,B,human_confirm_then_delete,fully merged; no unique commits; preserve name only if external record or link intentionally uses it
review/r4-ieee-clause-confirmation-20260911,864766232988181e72ae18c235dbc815466b3a1d,2026-09-11,384,0,contained,none,no,B,human_confirm_then_delete,fully merged; no unique commits; preserve name only if external record or link intentionally uses it
review/r4-primary-methods-20260911,da1c53dfd70f02169014f5d882aa51aec960a019,2026-09-11,386,0,contained,none,no,B,human_confirm_then_delete,fully merged; no unique commits; preserve name only if external record or link intentionally uses it
review/r4-tail-8d1979a,e7ddd16f6d2272cb7c9267f7f2aa8d35103f1c44,2026-09-10,391,0,contained,none,no,B,human_confirm_then_delete,fully merged; no unique commits; preserve name only if external record or link intentionally uses it
review/r4-tail-checker-bc1c1ac,75e3e7b48f0c53927d3e5c228adbd0a1c9108fd3,2026-09-11,388,0,contained,none,no,B,human_confirm_then_delete,fully merged; no unique commits; preserve name only if external record or link intentionally uses it
review/r5-binding-opening-20260916,89da8350d650daf9000f160672e52174b9960559,2026-09-16,102,0,contained,none,no,B,human_confirm_then_delete,fully merged; no unique commits; preserve name only if external record or link intentionally uses it
review/r5-selection-evidence-close-20260916,5427f704b96df683f24959ea63186bb0ecb30111,2026-09-16,106,0,contained,none,no,B,human_confirm_then_delete,fully merged; no unique commits; preserve name only if external record or link intentionally uses it
review/r5-selection-evidence-opening-20260916,8e5e4b1fe996f44ee0d4180fee2baf3700439090,2026-09-16,109,0,contained,none,no,B,human_confirm_then_delete,fully merged; no unique commits; preserve name only if external record or link intentionally uses it
settings/disable-commit-pr-attribution,9ffe9e470164dd40178f6845ad56e69a04a948a1,2026-09-23,1,0,contained,none,no,B,human_confirm_then_delete,fully merged; no unique commits; preserve name only if external record or link intentionally uses it
